1,192.168.0.1:2000
2,192.168.0.1:2010
3,192.168.0.2:2020
4,192.168.0.2:2030
5,192.168.0.3:2040
6,192.168.0.3:2000
7,192.168.0.4:2010
8,192.168.0.4:2020
9,192.168.0.5:2030
10,192.168.0.5:2040
11,192.168.0.6:2000
12,192.168.0.6:2010
13,192.168.0.7:2020
14,192.168.0.8:2030
15,192.168.0.9:2040
16,192.168.0.9:2000
17,192.168.0.10:2010
18,192.168.0.10:2020
19,192.168.0.11:2030
20,192.168.0.11:2040
21,192.168.0.101:2050
22,192.168.0.101:2050
23,127.0.0.1:50022
24,127.0.0.1:50023
25,127.0.0.1:50024
26,127.0.0.1:50025
27,127.0.0.1:50026
28,127.0.0.1:50027
29,127.0.0.1:50028
30,127.0.0.1:50029
31,127.0.0.1:50030
32,127.0.0.1:50031
33,127.0.0.1:50032
34,127.0.0.1:50033
35,127.0.0.1:50034
36,127.0.0.1:50035
37,127.0.0.1:50036
38,127.0.0.1:50037
39,127.0.0.1:50038
40,127.0.0.1:50039
41,127.0.0.1:50040
42,127.0.0.1:50041
43,127.0.0.1:50042
44,127.0.0.1:50043
45,127.0.0.1:50044
46,127.0.0.1:50045
47,127.0.0.1:50046
48,127.0.0.1:50047
49,127.0.0.1:50048
50,127.0.0.1:50049
51,127.0.0.1:50050
52,127.0.0.1:50051
53,127.0.0.1:50052
54,127.0.0.1:50053
55,127.0.0.1:50054
56,127.0.0.1:50055
57,127.0.0.1:50056
58,127.0.0.1:50057
59,127.0.0.1:50058
60,127.0.0.1:50059
61,127.0.0.1:50060
62,127.0.0.1:50061
63,127.0.0.1:50062
64,127.0.0.1:50063
65,127.0.0.1:50064
66,127.0.0.1:50065
67,127.0.0.1:50066
68,127.0.0.1:50067
69,127.0.0.1:50068
70,127.0.0.1:50069
71,127.0.0.1:50070
72,127.0.0.1:50071
73,127.0.0.1:50072
74,127.0.0.1:50073
75,127.0.0.1:50074
76,127.0.0.1:50075
77,127.0.0.1:50076
78,127.0.0.1:50077
79,127.0.0.1:50078
80,127.0.0.1:50079
81,127.0.0.1:50080
82,127.0.0.1:50081
83,127.0.0.1:50082
84,127.0.0.1:50083
85,127.0.0.1:50084
86,127.0.0.1:50085
87,127.0.0.1:50086
88,127.0.0.1:50087
89,127.0.0.1:50088
90,127.0.0.1:50089
91,127.0.0.1:50090
92,127.0.0.1:50091
93,127.0.0.1:50092
94,127.0.0.1:50093
95,127.0.0.1:50094
96,127.0.0.1:50095
97,127.0.0.1:50096
98,127.0.0.1:50097
99,127.0.0.1:50098
100,127.0.0.1:50099
101,127.0.0.1:50100
102,127.0.0.1:50101
103,127.0.0.1:50102
104,127.0.0.1:50103
105,127.0.0.1:50104
106,127.0.0.1:50105
107,127.0.0.1:50106
108,127.0.0.1:50107
109,127.0.0.1:50108
110,127.0.0.1:50109
111,127.0.0.1:50110
112,127.0.0.1:50111
113,127.0.0.1:50112
114,127.0.0.1:50113
115,127.0.0.1:50114
116,127.0.0.1:50115
117,127.0.0.1:50116
118,127.0.0.1:50117
119,127.0.0.1:50118
120,127.0.0.1:50119
121,127.0.0.1:50120
122,127.0.0.1:50121
123,127.0.0.1:50122
124,127.0.0.1:50123
125,127.0.0.1:50124
126,127.0.0.1:50125
127,127.0.0.1:50126
128,127.0.0.1:50127
129,127.0.0.1:50128
130,127.0.0.1:50129
131,127.0.0.1:50130
132,127.0.0.1:50131
133,127.0.0.1:50132
134,127.0.0.1:50133
135,127.0.0.1:50134
136,127.0.0.1:50135
137,127.0.0.1:50136
138,127.0.0.1:50137
139,127.0.0.1:50138
140,127.0.0.1:50139
141,127.0.0.1:50140
142,127.0.0.1:50141
143,127.0.0.1:50142
144,127.0.0.1:50143
145,127.0.0.1:50144
146,127.0.0.1:50145
147,127.0.0.1:50146
148,127.0.0.1:50147
149,127.0.0.1:50148
150,127.0.0.1:50149
151,127.0.0.1:50150
152,127.0.0.1:50151
153,127.0.0.1:50152
154,127.0.0.1:50153
155,127.0.0.1:50154
156,127.0.0.1:50155
157,127.0.0.1:50156
158,127.0.0.1:50157
159,127.0.0.1:50158
160,127.0.0.1:50159
161,127.0.0.1:50160
162,127.0.0.1:50161
163,127.0.0.1:50162
164,127.0.0.1:50163
165,127.0.0.1:50164
166,127.0.0.1:50165
167,127.0.0.1:50166
168,127.0.0.1:50167
169,127.0.0.1:50168
170,127.0.0.1:50169
171,127.0.0.1:50170
172,127.0.0.1:50171
173,127.0.0.1:50172
174,127.0.0.1:50173
175,127.0.0.1:50174
176,127.0.0.1:50175
177,127.0.0.1:50176
178,127.0.0.1:50177
179,127.0.0.1:50178
180,127.0.0.1:50179
181,127.0.0.1:50180
182,127.0.0.1:50181
183,127.0.0.1:50182
184,127.0.0.1:50183
185,127.0.0.1:50184
186,127.0.0.1:50185
187,127.0.0.1:50186
188,127.0.0.1:50187
189,127.0.0.1:50188
190,127.0.0.1:50189
191,127.0.0.1:50190
192,127.0.0.1:50191
193,127.0.0.1:50192
194,127.0.0.1:50193
195,127.0.0.1:50194
196,127.0.0.1:50195
197,127.0.0.1:50196
198,127.0.0.1:50197
199,127.0.0.1:50198
200,127.0.0.1:50199
201,127.0.0.1:50200
202,127.0.0.1:50201
203,127.0.0.1:50202
204,127.0.0.1:50203
205,127.0.0.1:50204
206,127.0.0.1:50205
207,127.0.0.1:50206
208,127.0.0.1:50207
209,127.0.0.1:50208
210,127.0.0.1:50209
211,127.0.0.1:50210
212,127.0.0.1:50211
213,127.0.0.1:50212
214,127.0.0.1:50213
215,127.0.0.1:50214
216,127.0.0.1:50215
217,127.0.0.1:50216
218,127.0.0.1:50217
219,127.0.0.1:50218
220,127.0.0.1:50219
221,127.0.0.1:50220
222,127.0.0.1:50221
223,127.0.0.1:50222
224,127.0.0.1:50223
225,127.0.0.1:50224
226,127.0.0.1:50225
227,127.0.0.1:50226
228,127.0.0.1:50227
229,127.0.0.1:50228
230,127.0.0.1:50229
231,127.0.0.1:50230
232,127.0.0.1:50231
233,127.0.0.1:50232
234,127.0.0.1:50233
235,127.0.0.1:50234
236,127.0.0.1:50235
237,127.0.0.1:50236
238,127.0.0.1:50237
239,127.0.0.1:50238
240,127.0.0.1:50239
241,127.0.0.1:50240
242,127.0.0.1:50241
243,127.0.0.1:50242
244,127.0.0.1:50243
245,127.0.0.1:50244
246,127.0.0.1:50245
247,127.0.0.1:50246
248,127.0.0.1:50247
249,127.0.0.1:50248
250,127.0.0.1:50249
251,127.0.0.1:50250
252,127.0.0.1:50251
253,127.0.0.1:50252
254,127.0.0.1:50253
255,127.0.0.1:50254
256,127.0.0.1:50255
257,127.0.0.1:50256
258,127.0.0.1:50257
259,127.0.0.1:50258
260,127.0.0.1:50259
261,127.0.0.1:50260
262,127.0.0.1:50261
263,127.0.0.1:50262
264,127.0.0.1:50263
265,127.0.0.1:50264
266,127.0.0.1:50265
267,127.0.0.1:50266
268,127.0.0.1:50267
269,127.0.0.1:50268
270,127.0.0.1:50269
271,127.0.0.1:50270
272,127.0.0.1:50271
273,127.0.0.1:50272
274,127.0.0.1:50273
275,127.0.0.1:50274
276,127.0.0.1:50275
277,127.0.0.1:50276
278,127.0.0.1:50277
279,127.0.0.1:50278
280,127.0.0.1:50279
281,127.0.0.1:50280
282,127.0.0.1:50281
283,127.0.0.1:50282
284,127.0.0.1:50283
285,127.0.0.1:50284
286,127.0.0.1:50285
287,127.0.0.1:50286
288,127.0.0.1:50287
289,127.0.0.1:50288
290,127.0.0.1:50289
291,127.0.0.1:50290
292,127.0.0.1:50291
293,127.0.0.1:50292
294,127.0.0.1:50293
295,127.0.0.1:50294
296,127.0.0.1:50295
297,127.0.0.1:50296
298,127.0.0.1:50297
299,127.0.0.1:50298
300,127.0.0.1:50299
301,127.0.0.1:50300
302,127.0.0.1:50301
303,127.0.0.1:50302
304,127.0.0.1:50303
305,127.0.0.1:50304
306,127.0.0.1:50305
307,127.0.0.1:50306
308,127.0.0.1:50307
309,127.0.0.1:50308
310,127.0.0.1:50309
311,127.0.0.1:50310
312,127.0.0.1:50311
313,127.0.0.1:50312
314,127.0.0.1:50313
315,127.0.0.1:50314
316,127.0.0.1:50315
317,127.0.0.1:50316
318,127.0.0.1:50317
319,127.0.0.1:50318
320,127.0.0.1:50319
321,127.0.0.1:50320
322,127.0.0.1:50321
323,127.0.0.1:50322
324,127.0.0.1:50323
325,127.0.0.1:50324
326,127.0.0.1:50325
327,127.0.0.1:50326
328,127.0.0.1:50327
329,127.0.0.1:50328
330,127.0.0.1:50329
331,127.0.0.1:50330
332,127.0.0.1:50331
333,127.0.0.1:50332
334,127.0.0.1:50333
335,127.0.0.1:50334
336,127.0.0.1:50335
337,127.0.0.1:50336
338,127.0.0.1:50337
339,127.0.0.1:50338
340,127.0.0.1:50339
341,127.0.0.1:50340
342,127.0.0.1:50341
343,127.0.0.1:50342
344,127.0.0.1:50343
345,127.0.0.1:50344
346,127.0.0.1:50345
347,127.0.0.1:50346
348,127.0.0.1:50347
349,127.0.0.1:50348
350,127.0.0.1:50349
351,127.0.0.1:50350
352,127.0.0.1:50351
353,127.0.0.1:50352
354,127.0.0.1:50353
355,127.0.0.1:50354
356,127.0.0.1:50355
357,127.0.0.1:50356
358,127.0.0.1:50357
359,127.0.0.1:50358
360,127.0.0.1:50359
361,127.0.0.1:50360
362,127.0.0.1:50361
363,127.0.0.1:50362
364,127.0.0.1:50363
365,127.0.0.1:50364
366,127.0.0.1:50365
367,127.0.0.1:50366
368,127.0.0.1:50367
369,127.0.0.1:50368
370,127.0.0.1:50369
371,127.0.0.1:50370
372,127.0.0.1:50371
373,127.0.0.1:50372
374,127.0.0.1:50373
375,127.0.0.1:50374
376,127.0.0.1:50375
377,127.0.0.1:50376
378,127.0.0.1:50377
379,127.0.0.1:50378
380,127.0.0.1:50379
381,127.0.0.1:50380
382,127.0.0.1:50381
383,127.0.0.1:50382
384,127.0.0.1:50383
385,127.0.0.1:50384
386,127.0.0.1:50385
387,127.0.0.1:50386
388,127.0.0.1:50387
389,127.0.0.1:50388
390,127.0.0.1:50389
391,127.0.0.1:50390
392,127.0.0.1:50391
393,127.0.0.1:50392
394,127.0.0.1:50393
395,127.0.0.1:50394
396,127.0.0.1:50395
397,127.0.0.1:50396
398,127.0.0.1:50397
399,127.0.0.1:50398
400,127.0.0.1:50399
401,127.0.0.1:50400
402,127.0.0.1:50401
403,127.0.0.1:50402
404,127.0.0.1:50403
405,127.0.0.1:50404
406,127.0.0.1:50405
407,127.0.0.1:50406
408,127.0.0.1:50407
409,127.0.0.1:50408
410,127.0.0.1:50409
411,127.0.0.1:50410
412,127.0.0.1:50411
413,127.0.0.1:50412
414,127.0.0.1:50413
415,127.0.0.1:50414
416,127.0.0.1:50415
417,127.0.0.1:50416
418,127.0.0.1:50417
419,127.0.0.1:50418
420,127.0.0.1:50419
421,127.0.0.1:50420
422,127.0.0.1:50421
423,127.0.0.1:50422
424,127.0.0.1:50423
425,127.0.0.1:50424
426,127.0.0.1:50425
427,127.0.0.1:50426
428,127.0.0.1:50427
429,127.0.0.1:50428
430,127.0.0.1:50429
431,127.0.0.1:50430
432,127.0.0.1:50431
433,127.0.0.1:50432
434,127.0.0.1:50433
435,127.0.0.1:50434
436,127.0.0.1:50435
437,127.0.0.1:50436
438,127.0.0.1:50437
439,127.0.0.1:50438
440,127.0.0.1:50439
441,127.0.0.1:50440
442,127.0.0.1:50441
443,127.0.0.1:50442
444,127.0.0.1:50443
445,127.0.0.1:50444
446,127.0.0.1:50445
447,127.0.0.1:50446
448,127.0.0.1:50447
449,127.0.0.1:50448
450,127.0.0.1:50449
451,127.0.0.1:50450
452,127.0.0.1:50451
453,127.0.0.1:50452
454,127.0.0.1:50453
455,127.0.0.1:50454
456,127.0.0.1:50455
457,127.0.0.1:50456
458,127.0.0.1:50457
459,127.0.0.1:50458
460,127.0.0.1:50459
461,127.0.0.1:50460
462,127.0.0.1:50461
463,127.0.0.1:50462
464,127.0.0.1:50463
465,127.0.0.1:50464
466,127.0.0.1:50465
467,127.0.0.1:50466
468,127.0.0.1:50467
469,127.0.0.1:50468
470,127.0.0.1:50469
471,127.0.0.1:50470
472,127.0.0.1:50471
473,127.0.0.1:50472
474,127.0.0.1:50473
475,127.0.0.1:50474
476,127.0.0.1:50475
477,127.0.0.1:50476
478,127.0.0.1:50477
479,127.0.0.1:50478
480,127.0.0.1:50479
481,127.0.0.1:50480
482,127.0.0.1:50481
483,127.0.0.1:50482
484,127.0.0.1:50483
485,127.0.0.1:50484
486,127.0.0.1:50485
487,127.0.0.1:50486
488,127.0.0.1:50487
489,127.0.0.1:50488
490,127.0.0.1:50489
491,127.0.0.1:50490
492,127.0.0.1:50491
493,127.0.0.1:50492
494,127.0.0.1:50493
495,127.0.0.1:50494
496,127.0.0.1:50495
497,127.0.0.1:50496
498,127.0.0.1:50497
499,127.0.0.1:50498
500,127.0.0.1:50499
501,127.0.0.1:50500
502,127.0.0.1:50501
503,127.0.0.1:50502
504,127.0.0.1:50503
505,127.0.0.1:50504
506,127.0.0.1:50505
507,127.0.0.1:50506
508,127.0.0.1:50507
509,127.0.0.1:50508
510,127.0.0.1:50509
511,127.0.0.1:50510
512,127.0.0.1:50511
513,127.0.0.1:50512
514,127.0.0.1:50513
515,127.0.0.1:50514
516,127.0.0.1:50515
517,127.0.0.1:50516
518,127.0.0.1:50517
519,127.0.0.1:50518
520,127.0.0.1:50519
521,127.0.0.1:50520
522,127.0.0.1:50521
523,127.0.0.1:50522
524,127.0.0.1:50523
525,127.0.0.1:50524
526,127.0.0.1:50525
527,127.0.0.1:50526
528,127.0.0.1:50527
529,127.0.0.1:50528
530,127.0.0.1:50529
531,127.0.0.1:50530
532,127.0.0.1:50531
533,127.0.0.1:50532
534,127.0.0.1:50533
535,127.0.0.1:50534
536,127.0.0.1:50535
537,127.0.0.1:50536
538,127.0.0.1:50537
539,127.0.0.1:50538
540,127.0.0.1:50539
541,127.0.0.1:50540
542,127.0.0.1:50541
543,127.0.0.1:50542
544,127.0.0.1:50543
545,127.0.0.1:50544
546,127.0.0.1:50545
547,127.0.0.1:50546
548,127.0.0.1:50547
549,127.0.0.1:50548
550,127.0.0.1:50549
551,127.0.0.1:50550
552,127.0.0.1:50551
553,127.0.0.1:50552
554,127.0.0.1:50553
555,127.0.0.1:50554
556,127.0.0.1:50555
557,127.0.0.1:50556
558,127.0.0.1:50557
559,127.0.0.1:50558
560,127.0.0.1:50559
561,127.0.0.1:50560
562,127.0.0.1:50561
563,127.0.0.1:50562
564,127.0.0.1:50563
565,127.0.0.1:50564
566,127.0.0.1:50565
567,127.0.0.1:50566
568,127.0.0.1:50567
569,127.0.0.1:50568
570,127.0.0.1:50569
571,127.0.0.1:50570
572,127.0.0.1:50571
573,127.0.0.1:50572
574,127.0.0.1:50573
575,127.0.0.1:50574
576,127.0.0.1:50575
577,127.0.0.1:50576
578,127.0.0.1:50577
579,127.0.0.1:50578
580,127.0.0.1:50579
581,127.0.0.1:50580
582,127.0.0.1:50581
583,127.0.0.1:50582
584,127.0.0.1:50583
585,127.0.0.1:50584
586,127.0.0.1:50585
587,127.0.0.1:50586
588,127.0.0.1:50587
589,127.0.0.1:50588
590,127.0.0.1:50589
591,127.0.0.1:50590
592,127.0.0.1:50591
593,127.0.0.1:50592
594,127.0.0.1:50593
595,127.0.0.1:50594
596,127.0.0.1:50595
597,127.0.0.1:50596
598,127.0.0.1:50597
599,127.0.0.1:50598
600,127.0.0.1:50599
601,127.0.0.1:50600
602,127.0.0.1:50601
603,127.0.0.1:50602
604,127.0.0.1:50603
605,127.0.0.1:50604
606,127.0.0.1:50605
607,127.0.0.1:50606
608,127.0.0.1:50607
609,127.0.0.1:50608
610,127.0.0.1:50609
611,127.0.0.1:50610
612,127.0.0.1:50611
613,127.0.0.1:50612
614,127.0.0.1:50613
615,127.0.0.1:50614
616,127.0.0.1:50615
617,127.0.0.1:50616
618,127.0.0.1:50617
619,127.0.0.1:50618
620,127.0.0.1:50619
621,127.0.0.1:50620
622,127.0.0.1:50621
623,127.0.0.1:50622
624,127.0.0.1:50623
625,127.0.0.1:50624
626,127.0.0.1:50625
627,127.0.0.1:50626
628,127.0.0.1:50627
629,127.0.0.1:50628
630,127.0.0.1:50629
631,127.0.0.1:50630
632,127.0.0.1:50631
633,127.0.0.1:50632
634,127.0.0.1:50633
635,127.0.0.1:50634
636,127.0.0.1:50635
637,127.0.0.1:50636
638,127.0.0.1:50637
639,127.0.0.1:50638
640,127.0.0.1:50639
641,127.0.0.1:50640
642,127.0.0.1:50641
643,127.0.0.1:50642
644,127.0.0.1:50643
645,127.0.0.1:50644
646,127.0.0.1:50645
647,127.0.0.1:50646
648,127.0.0.1:50647
649,127.0.0.1:50648
650,127.0.0.1:50649
651,127.0.0.1:50650
652,127.0.0.1:50651
653,127.0.0.1:50652
654,127.0.0.1:50653
655,127.0.0.1:50654
656,127.0.0.1:50655
657,127.0.0.1:50656
658,127.0.0.1:50657
659,127.0.0.1:50658
660,127.0.0.1:50659
661,127.0.0.1:50660
662,127.0.0.1:50661
663,127.0.0.1:50662
664,127.0.0.1:50663
665,127.0.0.1:50664
666,127.0.0.1:50665
667,127.0.0.1:50666
668,127.0.0.1:50667
669,127.0.0.1:50668
670,127.0.0.1:50669
671,127.0.0.1:50670
672,127.0.0.1:50671
673,127.0.0.1:50672
674,127.0.0.1:50673
675,127.0.0.1:50674
676,127.0.0.1:50675
677,127.0.0.1:50676
678,127.0.0.1:50677
679,127.0.0.1:50678
680,127.0.0.1:50679
681,127.0.0.1:50680
682,127.0.0.1:50681
683,127.0.0.1:50682
684,127.0.0.1:50683
685,127.0.0.1:50684
686,127.0.0.1:50685
687,127.0.0.1:50686
688,127.0.0.1:50687
689,127.0.0.1:50688
690,127.0.0.1:50689
691,127.0.0.1:50690
692,127.0.0.1:50691
693,127.0.0.1:50692
694,127.0.0.1:50693
695,127.0.0.1:50694
696,127.0.0.1:50695
697,127.0.0.1:50696
698,127.0.0.1:50697
699,127.0.0.1:50698
700,127.0.0.1:50699
701,127.0.0.1:50700
702,127.0.0.1:50701
703,127.0.0.1:50702
704,127.0.0.1:50703
705,127.0.0.1:50704
706,127.0.0.1:50705
707,127.0.0.1:50706
708,127.0.0.1:50707
709,127.0.0.1:50708
710,127.0.0.1:50709
711,127.0.0.1:50710
712,127.0.0.1:50711
713,127.0.0.1:50712
714,127.0.0.1:50713
715,127.0.0.1:50714
716,127.0.0.1:50715
717,127.0.0.1:50716
718,127.0.0.1:50717
719,127.0.0.1:50718
720,127.0.0.1:50719
721,127.0.0.1:50720
722,127.0.0.1:50721
723,127.0.0.1:50722
724,127.0.0.1:50723
725,127.0.0.1:50724
726,127.0.0.1:50725
727,127.0.0.1:50726
728,127.0.0.1:50727
729,127.0.0.1:50728
730,127.0.0.1:50729
731,127.0.0.1:50730
732,127.0.0.1:50731
733,127.0.0.1:50732
734,127.0.0.1:50733
735,127.0.0.1:50734
736,127.0.0.1:50735
737,127.0.0.1:50736
738,127.0.0.1:50737
739,127.0.0.1:50738
740,127.0.0.1:50739
741,127.0.0.1:50740
742,127.0.0.1:50741
743,127.0.0.1:50742
744,127.0.0.1:50743
745,127.0.0.1:50744
746,127.0.0.1:50745
747,127.0.0.1:50746
748,127.0.0.1:50747
749,127.0.0.1:50748
750,127.0.0.1:50749
751,127.0.0.1:50750
752,127.0.0.1:50751
753,127.0.0.1:50752
754,127.0.0.1:50753
755,127.0.0.1:50754
756,127.0.0.1:50755
757,127.0.0.1:50756
758,127.0.0.1:50757
759,127.0.0.1:50758
760,127.0.0.1:50759
761,127.0.0.1:50760
762,127.0.0.1:50761
763,127.0.0.1:50762
764,127.0.0.1:50763
765,127.0.0.1:50764
766,127.0.0.1:50765
767,127.0.0.1:50766
768,127.0.0.1:50767
769,127.0.0.1:50768
770,127.0.0.1:50769
771,127.0.0.1:50770
772,127.0.0.1:50771
773,127.0.0.1:50772
774,127.0.0.1:50773
775,127.0.0.1:50774
776,127.0.0.1:50775
777,127.0.0.1:50776
778,127.0.0.1:50777
779,127.0.0.1:50778
780,127.0.0.1:50779
781,127.0.0.1:50780
782,127.0.0.1:50781
783,127.0.0.1:50782
784,127.0.0.1:50783
785,127.0.0.1:50784
786,127.0.0.1:50785
787,127.0.0.1:50786
788,127.0.0.1:50787
789,127.0.0.1:50788
790,127.0.0.1:50789
791,127.0.0.1:50790
792,127.0.0.1:50791
793,127.0.0.1:50792
794,127.0.0.1:50793
795,127.0.0.1:50794
796,127.0.0.1:50795
797,127.0.0.1:50796
798,127.0.0.1:50797
799,127.0.0.1:50798
800,127.0.0.1:50799
801,127.0.0.1:50800
802,127.0.0.1:50801
803,127.0.0.1:50802
804,127.0.0.1:50803
805,127.0.0.1:50804
806,127.0.0.1:50805
807,127.0.0.1:50806
808,127.0.0.1:50807
809,127.0.0.1:50808
810,127.0.0.1:50809
811,127.0.0.1:50810
812,127.0.0.1:50811
813,127.0.0.1:50812
814,127.0.0.1:50813
815,127.0.0.1:50814
816,127.0.0.1:50815
817,127.0.0.1:50816
818,127.0.0.1:50817
819,127.0.0.1:50818
820,127.0.0.1:50819
821,127.0.0.1:50820
822,127.0.0.1:50821
823,127.0.0.1:50822
824,127.0.0.1:50823
825,127.0.0.1:50824
826,127.0.0.1:50825
827,127.0.0.1:50826
828,127.0.0.1:50827
829,127.0.0.1:50828
830,127.0.0.1:50829
831,127.0.0.1:50830
832,127.0.0.1:50831
833,127.0.0.1:50832
834,127.0.0.1:50833
835,127.0.0.1:50834
836,127.0.0.1:50835
837,127.0.0.1:50836
838,127.0.0.1:50837
839,127.0.0.1:50838
840,127.0.0.1:50839
841,127.0.0.1:50840
842,127.0.0.1:50841
843,127.0.0.1:50842
844,127.0.0.1:50843
845,127.0.0.1:50844
846,127.0.0.1:50845
847,127.0.0.1:50846
848,127.0.0.1:50847
849,127.0.0.1:50848
850,127.0.0.1:50849
851,127.0.0.1:50850
852,127.0.0.1:50851
853,127.0.0.1:50852
854,127.0.0.1:50853
855,127.0.0.1:50854
856,127.0.0.1:50855
857,127.0.0.1:50856
858,127.0.0.1:50857
859,127.0.0.1:50858
860,127.0.0.1:50859
861,127.0.0.1:50860
862,127.0.0.1:50861
863,127.0.0.1:50862
864,127.0.0.1:50863
865,127.0.0.1:50864
866,127.0.0.1:50865
867,127.0.0.1:50866
868,127.0.0.1:50867
869,127.0.0.1:50868
870,127.0.0.1:50869
871,127.0.0.1:50870
872,127.0.0.1:50871
873,127.0.0.1:50872
874,127.0.0.1:50873
875,127.0.0.1:50874
876,127.0.0.1:50875
877,127.0.0.1:50876
878,127.0.0.1:50877
879,127.0.0.1:50878
880,127.0.0.1:50879
881,127.0.0.1:50880
882,127.0.0.1:50881
883,127.0.0.1:50882
884,127.0.0.1:50883
885,127.0.0.1:50884
886,127.0.0.1:50885
887,127.0.0.1:50886
888,127.0.0.1:50887
889,127.0.0.1:50888
890,127.0.0.1:50889
891,127.0.0.1:50890
892,127.0.0.1:50891
893,127.0.0.1:50892
894,127.0.0.1:50893
895,127.0.0.1:50894
896,127.0.0.1:50895
897,127.0.0.1:50896
898,127.0.0.1:50897
899,127.0.0.1:50898
900,127.0.0.1:50899
901,127.0.0.1:50900
902,127.0.0.1:50901
903,127.0.0.1:50902
904,127.0.0.1:50903
905,127.0.0.1:50904
906,127.0.0.1:50905
907,127.0.0.1:50906
908,127.0.0.1:50907
909,127.0.0.1:50908
910,127.0.0.1:50909
911,127.0.0.1:50910
912,127.0.0.1:50911
913,127.0.0.1:50912
914,127.0.0.1:50913
915,127.0.0.1:50914
916,127.0.0.1:50915
917,127.0.0.1:50916
918,127.0.0.1:50917
919,127.0.0.1:50918
920,127.0.0.1:50919
921,127.0.0.1:50920
922,127.0.0.1:50921
923,127.0.0.1:50922
924,127.0.0.1:50923
925,127.0.0.1:50924
926,127.0.0.1:50925
927,127.0.0.1:50926
928,127.0.0.1:50927
929,127.0.0.1:50928
930,127.0.0.1:50929
931,127.0.0.1:50930
932,127.0.0.1:50931
933,127.0.0.1:50932
934,127.0.0.1:50933
935,127.0.0.1:50934
936,127.0.0.1:50935
937,127.0.0.1:50936
938,127.0.0.1:50937
939,127.0.0.1:50938
940,127.0.0.1:50939
941,127.0.0.1:50940
942,127.0.0.1:50941
943,127.0.0.1:50942
944,127.0.0.1:50943
945,127.0.0.1:50944
946,127.0.0.1:50945
947,127.0.0.1:50946
948,127.0.0.1:50947
949,127.0.0.1:50948
950,127.0.0.1:50949
951,127.0.0.1:50950
952,127.0.0.1:50951
953,127.0.0.1:50952
954,127.0.0.1:50953
955,127.0.0.1:50954
956,127.0.0.1:50955
957,127.0.0.1:50956
958,127.0.0.1:50957
959,127.0.0.1:50958
960,127.0.0.1:50959
961,127.0.0.1:50960
962,127.0.0.1:50961
963,127.0.0.1:50962
964,127.0.0.1:50963
965,127.0.0.1:50964
966,127.0.0.1:50965
967,127.0.0.1:50966
968,127.0.0.1:50967
969,127.0.0.1:50968
970,127.0.0.1:50969
971,127.0.0.1:50970
972,127.0.0.1:50971
973,127.0.0.1:50972
974,127.0.0.1:50973
975,127.0.0.1:50974
976,127.0.0.1:50975
977,127.0.0.1:50976
978,127.0.0.1:50977
979,127.0.0.1:50978
980,127.0.0.1:50979
981,127.0.0.1:50980
982,127.0.0.1:50981
983,127.0.0.1:50982
984,127.0.0.1:50983
985,127.0.0.1:50984
986,127.0.0.1:50985
987,127.0.0.1:50986
988,127.0.0.1:50987
989,127.0.0.1:50988
990,127.0.0.1:50989
991,127.0.0.1:50990
992,127.0.0.1:50991
993,127.0.0.1:50992
994,127.0.0.1:50993
995,127.0.0.1:50994
996,127.0.0.1:50995
997,127.0.0.1:50996
998,127.0.0.1:50997
999,127.0.0.1:50998
1000,127.0.0.1:50999
